 A

B
BABB
BABBAGE
BACH
BADCOCK
BADLAKE
BAGWI(E)LL
BAFSETT (?BASSETT)
BAIL
BAILEY
BAILLEE
BAKER
BAKEWELL
Baking
BALBERYE
BALDWIN
BALL
BALLE
BALSOM  (A)BALSDON
BALSON(M)
BANBURY
Bands
BANHAM
BANT
BANTHAM
Baptisms
BARBER
BARBIAGE    BERBIAGE
BARFORD
BARGERY
BARGHILL
BARHAM
BARKELL
BARKER
BARKWELL
Barley (crop)
BARLEY
BARLOW
BARN
BARNACOTT(BARNICOT)
BARNE
BARNECOTT
BARNEBY
BARNES
BARNLEIGH
Barn Light
Barn Park Cottage
BARON(N)
BARR
Barrage Balloons
BARRATT    BARRETT
BARREL
BARRABALL    BARRIBALL    BARRABILE    BARRABOL    BARRABELL    BARRABLE
Barrows
BARRY
BARRYMAN
BARSKILL
BARTELL
BARTH (mis-spelling of BATH?q.v.)
BARTLETT
BARTON
BARTRELL
BASKERVILLE
BASSETT see also BAFSETT
BASTARD (NAME)
BASTARD
BASTON
BATE
BATES
BATH(E) see also BARTH
BATT
BATTEN
BATTERSBY
Battle
BATTON
BATYN (possibly BENET or BATTON)
BAUDEN
BAUNDLE
BAWDEN 1
BAWDEN 2
BAXTER
BAYLEY
BAZELAY
BEADLE
BEAGLEHOLE(BEGELOW)
BEAL (see also BYLE - olden spelling)
"BEALE (BEILL, BEILE)"
"BEALS (BEILLS, BEILES, BYLES)"
Beals Farm
Beals House
BEARDSALL
BEAUFORD
BEAULIEU
"BEAULU (BEAULUFORD, BEAULREUFORDE)"
BEAUMONT
BEAVER
BECHEWEY
BECKLE (possible mis-spelling of BICKLE)
BECKLEY
"BEDFORD, DUKE OF"
BEDLAKE
"""BEECHFIELD"" DOWNGATE"
Bee Keeping
BEER
BEGELLIALE (?)
BEGG
BEGOIN
BEHENNAH
BELE
Belfry
BELL
Bellfounder
Bells (Church)
Bell Ringers
BENDLE
BENETHEDON
BENETHEWEYE
BENJMIN
BENNET
BENE(T)
BENNETH
BENNETT (1)
BENNETT (2)
BENNET(T)S
BENNY (BENNEY)
Bereferrers
BEREWELL
BERNARD
BERRIMAN (BERRYMAN)
BESSEY
BEST
BESWARRICK (BESWORICK)
BETHY
BETTESS
BETTERSON (BETTISON)
BEVAN
Bianleigh
BICE
BICK
BICKLE
BICKFORD
BICKFORD Family research
BIDDICH
BIDDULPH
BIDGOOD
Bier
BILE
Billeting
BILLING
BILLINGTON
BINNEY
BIRCH
Birds
Birhinhead - Birchinkind? (between Pempwell & Goosewell?)
BIRKLE
"Births, Marriages & Deaths"
Biscuits
BISHOP
"BISHOP, GEORGE"
Bishop's
BISSHOP'
BITTERSON
BLACHER
BLACK
BLACKMOOR    BLACKMORE
Blackouts (Wartime)
"BLACK PRINCE, THE"
BLACKWELL
BLACKREE
Blacksmiths
BLAKE 1
BLAKE 2
BLANCHER
BLANBOLISNE
Blasting
BLATCHFIELD
BLATCHFORD
BLEWE
BLEWET & (TT)
BLICHE (possible mis-spelling of BLIGHE?)
BLIGHE (see also BLYGH)
BLIGHT 
Blindwell
BLITH(E)
BLOWE(R)
BLOWEY (H)
Blowing House
BLOY(E)
BLUE
Blue Cap
Blueing - Blue Bag
BLYGH (BLYGHAN)
Blyndewille
BLYTH(E)
BOARD
BOARDER
Boat
BODEWEYE
BODY
Bodmin
Boger
Bolalond
BOLES
BOLITHO
BOLLAND
BOLT
Bombers & Bombs
BOND(E)
BONDELE
Bondmen
BONE
BONNINGTON
BONY
BOOKVILLE
BOOLEY
Boolond
BOOTH
BORADON (BURRATON)
BORN
BORRONS
BOROTON(E) (BURRATON)
BOTELER
BOTERS
Botus Fleming
BOUDYN
Boundary of the Parish
Boundary Stones
BOUNDY
BOUVIER
BOVEY
Boviate
BOWDEN 1 see also BOUDYN
BOWDEN 2
BOWHAY 1
BOWHAY 2
BOWLES (BOWLS)
BOWLT (possible version of BOLT?q.v.)
BOYD
BRACKEN
BRADCOCK
BRADFORD
BRADLEY
Bradmore
BRAGSHOLE
BRAILEY
BRANCH
Brandis (like a trivet) 
BORDENING
BRANDON of CLAMPETT
BRASE
BRAVIN
Brayshop
BRAY 
BRELEY    BREALEY
BRENDON
BRENT
BRESE
BREWER
BRIANT
BRIDEWELL (BODMIN)
BRIDGE
Bridge Farm
BRIDGEMAN
BRIDGEN
BRIGGE
BRIGHT (BRYTTE)
Brick Works (Tamar Terra Cotta Works)
BRIMBLECOMBE
BRINN
BRIMACOMBE
Briohenhead (between Goosewell & Trecombe)
BRITA
BRITTEN
BROAD(E)
BROADBRIDGE
Broadgate
Broadgate Farm
Broadgate Mine
Broadgate Hill
BROADLAKE
BROADL(E)Y
Broadmore (see also Brodemor)
BROCK
Brodgnor (N.W. corner of Alren)
BROMPTON
BROOK
BROOKE
BROOKEN (possibly BROOKING?q.v.)
BROOKES
BROOKHAM
BROOKS
BROOKSBANK
BROOKING 1 (BREWKING - last item on page) (see also BROOKEN)
BROOKING 2
BROOKING 3
BROOME
BROOMFIELD
BROUNE
BROVYN
BROWN 
BROWNE (?see also DROWNE old English v. hard to read)
BROWNING
BRUCE (1538 BRUYSE)
BRUNA
BRYANT
BRYDA
BRYNTA
BRYSE
BRYTA
BUCK
BUCKINGHAM
Buckland Abbey
BUCKLER
BUCKLEY
BUCKNELL
BUCKWELL
BUDGE 1
BUDGE 2
BUDGEN ? (possible mis-spelt BUDGE)
BUESDEN
Builders
Buildings 1
Buildings 2
BULEHERE
BULL
BULLER
BULLIMORE
BULLOCK
Bullock (House)
BUMANE
BUNDY
Bunghivell between Norton & Dighouse (Burwell)
BUNDLE (?RUNDLE)
BUNNY (BUNSY) & see BUNDY
BUNT
BURDEN (BURDON)
BURDETT
BUREDON
BUREL ?BURWELL
BURGE
BURGEP
BURGESS
Burgwell see Burwell
Burials - see also soc    rel. burials
BURLACE
BURLEY (BURLY - 1851)
BURLINGHAM
BURN(E)
BURNARD
"Burraton (see also Buredone, Boradon)"
Burrator Farm ?Burraton
BURROUGHS
BURROW
BURRONS    BURROWS - BURRORS (1841) - BURROWS (1851)
BURT
BURTON
Burwell
Bus
BUSHFORD
BUSON
BUSSELL
BUTCHER
Butcher (Trade)
BUTE
Butter
Butterfly
BYDLAKE
BYFORD
BYLE (BILE) (BEAL now?)
Byne the Don(n) (By Northdown)
BYTHEWAY

C
CABBLE nee PHILP
CADE
CADDELEGH
CADICK
CAEN
CALL 1
CALL 2
CALL 3
Call and Westhill Woods
Callington Market
CALMADY
Calstock
CALVERT
CALWAY
CAMERON
CAMOR
CAMPBELL (CAMBELL)
Candle(wicks)
CANA (?CARNE)
CANE (CARNE?)
CANN
CANNAN
CANNIFORD
CANNTER
Caravan
CARDER
CARDEW
CAREW
CARHAART
Cargreen
Caribullock 2 (Kerrybullock etc)
Caribullock - (Kerribullock - Deer Park) 1
CARLISLE
CARNE 1 (see also CANA)
Carnival
CARNWALLIS
CARNY
Carpenters (Trade)
CARR
CARRUTHERS
Cars - Automobiles
Cart Shed
CARTER
CARTRELL
Carts
CARWETHAN
Carving
CASE
Cash
Castle
Cattle
Cattle Grid
CAUL
CAUNT(ER)
CAUSEY
CAWEY
CAWS
CAWSEY
CAYZER
Cellar
de CELLES
Celt
Censaria
CERMAK
Chaise House
CHALK
CHALMERS
CHAMPENEYS
CHAMPERNOWNE
CHANNINGS
Chapel (Building)
Chapel Row
Chapel Trustees
Chaplain
CHAPMAN
CHAP(P)EL
CHARD
Charges
Charities
CHARLES I
CHARMAN
Charter
CHATSWORTH
Chattels
CHEETHAM
CHEGWYN
Chemist
CHETWYND
Chevage - Annual tax paid by nativi de stipite to live off the manor
CHEWIN(S)
CHEYNE
CHIDLEY
CHIGWIDDON
CHILD (name)
CHILDS
CHISWELL
CHOCHE
Choir
Cholera
CHOWEN
CHOWINS (CHOWENS)
CHOWINGS
Christmas
CHUBB
CHURCH (surname)
The Church 1
The Church 2
Church Architecture
Church Plate (Silver)
Church Town
Church Wardens
CHYDEWELL
Cider (Making)
Civil War
CLARE
CLARK
CLARKE 1
CLARKE 2
CLAUGHTON-KELLY
CLAVERT
CLEAR
CLEAVE
CLELAND
Clematis Cottage
CLEMANCE
CLEMAS
CLEMENCE
CLEMENS
CLEMENTS
CLEMES
CLEMO
CLEMONDS
Clergymen
CLERK
CLEVE
Cleve Mill (now New Mill?)
CLIFT
CLIFTON
CLIHUCK
CLIMESTON (CLYMESTON)
CLIMO
Climsland Prior
Climson (see also Clymeston)
Clitters
CLOAK
Cloam Ovens
CLOKE
CLOMESHEUED
CLORE
Close (see also Fields)
The Close
Clothing
Clothing Club
CLOTWORTHY
Clowes R.L.
CLOYNES
CLYMAS
CLYMESTON
CLYMESTUNE
CLYNE
CLYUE
COABS
COAD(E)
COAKER
COALE
COATE
COBB
COBBLEDICK
COCHE
COCHRANE
COCK
COCKERTON
COCKEY
COCKINGTON (COKYNGTON)
Cockington Green
COCKRODE
COCKS
Coinage
COLA (COLE?)
Colacombe (?Colemanscombe nr Norton)
COLBAN
COLBORNE
COLBREN - COLBROND - COLBRON - COLBORN
COLE
COLEAND
Colemannescombe see also Colacombe
Colenso see Trehill
Coleparke Hill
COLES
COLEWELL ? COLWILL
COLEYNGTON
COLLA
COLLARD
COLLAND
COLLEATH
COLLEBREN
COLLACOTT - COLLICOTT - COLLACUTT
COLLIN - COLLYN
COLLING(S)
COLLINGS
COLLINS
COLLOM - COLLUM
COLLYER
COLLYN - COLYN - COLLYNS
COLMANSCOMBE
COLMER
COLSON
COLWELL
COLWILL
COLYN - COLYND - COLYNS - COLLYNG
COMB
COMBE (possible COOMBE?)
COMBESHEAD (possibly COOMBESHEAD) COMBESHED
COME
COMLIOS
COMESHEVED - COMESHEUED
Common Law
CONCH possible mis-spelling of COUCH?)
CONDY - CONDE (see also CUNDY)
CONGDON
CONGAN (?CONGDON)
CONGYNG
CON(N)OCK(E)
CONNOLLY
Constables
Conventionary Lands
CONWAY
CONYSHEUED
COOK(E)
Cooking
COOMB(E) (1)
COOMB(E) (2)
Coombe Down
COOMBES
Coombeshead
COOME
COOPER
COOT
COPELAND
COPLESTONE RADCLIFFE see RADCLIFFE
Copper (element)
COPPER (name)
COPPING
COPSON
CORAM
CORBY
CORD (COARD)
CORDE
Cord Wainer
CORHAN
CORITON
Corn
CORNELIUS (CORNELIOUS)
CORNFORTH
CORNICK
Cornish
CORNISH (name) 1538 CORNYSHE
Cornish Acre
Cornish Expressions & Words
Corn Mill
"CORNWALLIS (EIS)(EYS,"
Cornwall County Council
Cornwall Records Office
Cornwall Trust for Nature Conservancy (C.T.N.C.)
CORNWOOD
CORRLE (possible mis-spelling of COTTLE)
CORRY
Corsoleton
CORY
CORYTON 
COSTELLA
COTELL
Coterelislond
Cothele
Cottage
Cottersland
COTTLE
COTTON
COUCH(E) (see also COYCHE)
COULDREY
COULYNG
COUMBE
COUMBES
COUME
COUMES
Counting House
Court
Court Cases
COURTICE
COURTIRE
COURTIS
COURTMAN
COURTNEY
COVE
Cow House
COWARD(S)
COWDYN
COWL
COWLIN(S) - COWLYN(S) - (see also COULING - COULYNG)
COX
COY
COYCHE (see also COUCHE
CRABB
CRADDOCK
CRAFT
Crafts
CRAGO
CRAIG
CRASTE
CRAWFORD
CRAY
Craze(ing) Mill
CREABER
CREBER
CREGOE
CREW
CREWS
Crib
CRIBBLE
Cricket
CRIMP
CROCKER
CROCKETT (CROCKENDEN)
Crockett Green
CROFT
CROFTON
CROMWELL
CRONCOMBE ?GREENSCOMBE?
CROPPER
Crops
CROSMAN (see also CROSSMAN)
CROSS
Cross Chapel
Crosses
CROSSMAN (see also CROSMAN)
CROTA
CROUELLS (CROVELLS?)
CROW(E)
Crown Land
CRUSE
CRYSSYLL
Cubs
CUDDEFORD
CULLEY
CULLIP
CULLIS
Culverts
CUMMINGS
CUMMINS
CUNDY (CUNDEY)
CUNNINGHAM
CURLEY
CURREY
CURRY
CURTEYS
CURTIS(S)
CUTLER
CUTLYPPE
CUTTY

D
DAINTY
Dairy
DALE
DALLY
DALTON
DAN
DANGAR
DANIEL(L)
DANIEL(L)S
DANN
Darkying
Darloe House
DAVIDSON
DAVIES
DAVIS
DAW
DAWE (1)
DAWE (2)
DAWE (3)
DAWE(STEPHENS    STEVENS)
DAWES
DAWN
DAVY (DAVEY) 
DAY
DEACON (1)
DEACON (2)
DEAL
DEAN    DENA
DEANS
Deaths
DELBRIDGE
DEEBLE
Deeds (see also Mortgages)
DEER
Deer Park (Karibullock-Kerribullock)
Deer Park Mine
DEERSTONE
DEFRY (?TREFRY)
DEL
Delaware
DELL
DELLY
DELPRATT
DEMESNE
DENE
DENNER
DENNETT
DENNIS
DENT
Dentist
DERRY
DAVEY
Diamond
DICKER
Diesel
DIGHOUSE (alias HONESSA)
DIGNAND
DIMON (possible spelling of DYMOND?)
Ding Dong Mine
DINGLE (1)
DINGLE (2)
DINGLE (3)
DINGLE (4)
DINGLE (5)
DINGLE (6)
DINGLE (7)
DINGLE (8)
DINGLES (R. DINGLE & SONS)
DINGL(E)Y
Dingly & Pethybridge of Launceston
DINNER
DINNER
DINNIS
DINNIS
DIRE - DIRA
Direction Post
DIRKINS
Disputes
District Nurse
DOBELL
DOBYN
Doctors
DODGE ?DOIDGE
DOGE
DOIGE (DOIDGE (1)
DOIDGE (2)
DOI(D)GE (3)
Domesday Book
DONEY
Donkey
DONN
DONNEL
DONY
DOOLEY
DORA
DORMAN
DORREY
DOTTON
DOUCH
DOUGLAS
DOVEY
DOW
DOWE (?DAWE)
DOWLING
DOWN (name)
Down (place)
DOWNEND
DOWNEY
Down Gate
Downhouse
DOWNING
DOWNS - DOWNES
DOYLE
DRELAR
DREUISFORD
DREW
Drewsland
DREYER
Drilling
DRIONES ?
DROUNE
DROVELOND
DROWNE
DUANCE
Duchy Cottages
Dukes
DULOE
DUNN
DUNSTAN (DUNSTAYN) DUNSTONE(E) (1)
DUNSTON(E) DUNSTAN (DUNSTAYN (2)
DE DUNSTAPLE
DUNTON
DUSTAN
DYER
DYMOCK
DYMONA
DYMOND (1)
DYMOND (2)
DYRINTON

E
EADE
EARLAKE
EARLE (EARELL)
Earls (of Cornwall)
Earthworks & Fortifications
EAS(T)COTT
"East, Hundred of"
EASTERBROOK
EASTLAKE (ESTLAKE-1851)
EASTLEY
EASTMAN
EASTMENT
Eastside Cottage
EBBOT
ECKETT
EDDY
EDE
EDGE
EDGECOMBE - EDGECUMBE
EDLIGNE
EDMUND - Earl of Cornwall
Education Act
Edward the Confessor (1041-1066)
EDWARDS (1)
EDWARDS (2)
EDYVEAN
EGBERT
EGBAR - EGBEAR - EGBEN?
EGEVER - EGEBER (possibly EGGBEAR q.v.)
E(G)GBEAR - (see also EGEBER)
EGGBUT
EGGECOMBE
EGGFORD
EGGINS
Eggs
ELCOCK
Electric Light
ELFORD
EL(L)IOT(T)
ELLEN JANE
ELLER(L)Y
ELLES
ELLICOTT
ELLIS (see also ELYS - ELLISE)
ELLOT (possible mis-spelling of ELLIOT?)
Elm Cottage
ELSON
ELYS
EMERY
Emigration
EMMANS
EMMETT
EMPETT
Endsleigh
Engine
Engine Drivers
Engine House
ENGLISH
English Acres
Enquiries - also see Informants
EOSRY
Equestrian Centre
EQUIME
ERSKINE
ESBERIL
ESCOTT
"Essex, Earl of"
Estates
ESTCOTT
EUSTACE
EVA
Evacuation
Evacuees
Evangelist
EVANGELISTA
EVANS
EVELY
EVERY (possible mis-spelling of AVERY?q.v.)
Excelsior Tunnel
Explosives
Export

F
FACY
FAGET
Family
Family Names
Famine
FARLEU
Farming & Farmers
Farmers Union
FARR
FARTHING
FATHERS
FAUKES
FAWN
Fealty
FEATHERSTONE
FEELE
FELIPP (PHILIP?)
Fellands
Fenterdon see Venterton
FERGUSON
FERN
"Fernleigh House, Lower Down Gate"
FERRERS
Ferry
Fertilizer
Fete
FFUDGE
FICE
Fields
FILZE
Fine - Manorial Terminology
FINNIMORE    FINNAMORE    FINNEMORE
Firkin
FIRMSTONE
FIRTH
Fish
FISHER
Fishermans (Cottage)
FITZE
FLEMING
FLETCHER
Flood
Floor
Flower Show (Stoke Climsland)
Flower & Flower Bulbs
FLOYD
FOALE
FOGWILL
FOLLES
FOLLEY
FOLLY
FOLYGAN    FOLLYGAN    FOLIGAN    FOLLIGAN
FONE
Food
FOOTE (FOOT)
FORBES
"Force, use of"
FORD
Fords
Forestry
FORN(E)
Forrester
FORSYTH
Fortifications
FOSTER
Fountain
FOWEL(L)
FOX
FRAGEL
FRANCES
FRANCIS
FRANTON
FRASER
FRAYER
FREAN
"Free Conventionaries - Tenancy, Terms of & Obligations"
FREEGUARD
FREEMAN
Free Tenants
FRENCH - FRENSSH
FRERE
FRIEND
FRIENDS
Friendship
FROGEL
Frogmore
Frogwill Cottage
FROOD
FROST
Fruit
FRY
FRYNE
FUGE
Fugitive
FULLER
FULLEY
Fulling Mill
Funerals 
FURNE
Furniture
FURZE - FURSE
FUSYK

G
GADGECOMBE
GALE
GALLAGHER
Galldons
GAME
Games
GANET
Garden House
GARDINER
GARDNER
GARFITT
GARLAND 1
GARLAND 2
GARLAND (Mr & Mrs. A.W.)
GARPELL
GARREY
GARSKELL
GARTELL see also GARTRELL?
GARTERD
GARTHILL
GARTRELL 1 (see also GARTHELL)
GARTRELL 2
Gas Works
GASTRELL (?GARTRELL)
Gates
GATLEY
GAWANER
GAY
GAYCH (possible mis-spelling of GEACH?)
GEACH (see also GAYCH)
GEAK(E) 1
GEAKE 2
GEAKE 3
GEAR
GEARING
GEAST (possible mis-spelling of GIST)
GED(D)Y - GEDE
GEEDY
GEFFERD (or GEFFREY)
GEFFERY
Gelatine & Gelignite
GENAN
GENDRAULT
Genealogy
GEORGE
GERRIE
GERRINGS
GERRONS
GERRY
GERTRUDE
GERVEYS
GEST
GIBB(S) see also GYBBE
GIBBONS
GIDDINGS
GIDDY
GIFFIN - GIFFEN
GIFFORD
GIFFREY
GIGGS (?GRIGGS)
GILBART
GILBEART
GILBEN
GIL(L)BERT
GILES 1
GILES 2
GILL
GILLAND
GIL(L)BARD
GIMBLETT
GINN (GYNN)
Ginsters
GIST
GLANVILLE
GLASBOROW
GLASSON
GLAYSSE
"Glebe, The"
Glebe Cottage
Glebe Terrier
Glenenebury (Next to Oxbury Down)
GLIDDON
GLITTON
GLOVER
GLOVER & UGLOW
GLOYN(E) (GLOYEN)
GLUBB
GLUES
GLYN
"GNATHAN (KNATHAM) TRENATHAM, KINATHAME, KNOTHAM"
GODA
GODDARD
GODEFRAY
GODEYERE
GODOLPHIN
GODRYCH - GODRICH
GOLDA
GOLDEN
GOLDING
Gold Mining
GOLDWORTHY
GOL(D)SWORTHY
GOODLAND
GOODMAN
GOODSELL
GOOLD
GOOSEWELL
GORDON - GORDEN
GORMAN
GORREL(L) - GURREL(L) - GORRIL(L)
GOSCOTE
GOSS
GOULD
GOVER
GOVETT
GOVIER
GRACE
Granary
Granite
"""Granite Mushrooms"" - (Staddle Stones)"
Grants
Grasses
GRATWICK
Grave Digger
Graves
GRAY
GRAYHAM
Great Consuls
"""Great Dearth"""
GREEN
GREENFIELD
Greenscoombe Cottage see also Croncombe
Greenscombe Wood
GREENWOOD
GREGOR
GREGORY 1
GREGORY 2
GRECULE
GREMBE
GRENFIELD
GRENVILE
GREY
GRIBBLE
Gridiron Stile
GRIFFIN - GRIFFEN
GRIFFITHS
GRIGER
GRILLS
GRIGG (see also GIGGS?)
GRIGGS
GRINNALL
GRIST & Grist Mills
GROSS
GROSSEMAN
GROVE
Grove Cottage
GRUBB(E)
"GRUBB, family research"
GRYLLS - GRILLES - GRYLLS - GRELLS
GUARDIAN
GUEST
GUIMMETT
GUMB
GUMMERY
Gun
GUNICK - 1861
Gunnerside
Gunnislake
Gunnyihok
Gunoak Wood
GURMONCESTRE
GORNEY
GURR
GUSCOTT
GUY
GYBBA - GYBBE - (GIBBE)
GYDA - GYDD(E)
GYLE
Gypsies

H
HACCHE (?HATCH)
HACKER
Hacks House (?between Dighouse & Northdown)
HAINTON
HALE
HALEWILLE
HALEY
Half Moon Inn
HALLOY
HALL(S)
HALS
HALTON
HALY
HAM
HAMBLY
HAMBLYN
HAMELEY (variation of HAMLEY?)
HAMER
HAMET
HAMLY - HAMLEY
HAMLYN
HAMMOND
Hampt
Hampt Chapel
Hampt Cottage
Hampt and Hr Hampt Farm
Hampt (shop)
HAMPTON
HAN? HAIN? HANHE?
HANA
HANCOCK 1
HANCOCK 2
HANDON
HANKYN
HANNAFORD
HANNAND
HANWOOD
HARDING
HARKIN
"HAROLD, EARL"
HARPER
HARRIES
HARRIS 1
HARRIS 2
HARRIS 3
HARRISON
Harrowbarrow
HARRY
HARRYS(E)
HART
HARTE
Harvest (Festival)
Harvesting
HARVEY - HARVY 1
HARVEY - HARVY 2
HARVEY - HARVY 3
HARVEY - HARVY 4
HASLAM DR G
HATCH 1 (or Bridge Tenement)
HATCH 2
HATHERLY
HATT
HAUET
HAUGHTON (see HAWTON)
HAUTES LORD
HAUTON
HAVAWAY
HAWDY
HAWES
HAWK
HAWKE
HAWKEN
HAWKER
HAWKES (HAWKS)
HAWKIN(S) (HAWKYN)
HAWKWOOD (at Old Mill)
HAWKING(S)
HAWRE
HAWTON 1 (see also HAUTON) (HAUGHTON)
HAWTON 2 (HAUGHTON)
HAWTON 3 (HAUGHTON)
HAWTON 4 (HAUGHTON)
HAYDEN
HAYE
HAYES
Haylands (near Luckett)
HAYM
Hay Making
HAYNES
HEAD
HEADDON (HEADEN) (HEADON)
Head Silver
HEAL(E)
Health
HEAMS (HEANS) (HEAM)
HEARD
HEARMON
HEARN(E)
HEART
Heating
HEATH
HEATHORN
HEDDON
Hedging
HEDIS
HEINES
HELE
DE HELEWELL (HOLWELL?)
HELIER
HELLAND
Helland Cottage (between Hingston & Higher Kelly Bray)
HELLING Old Helling"
HELSON
HELSTON
HELSTONE
HELWARD
HELYAR (HELLYAR) (HELYER)
HENDEN
HENDER
HENDERSON
HENDRA
HENDRY
HENDY (also HYNDY?)
HENSTESTON - HENGESTON
HENNARD
HENWOOD 1
HENWOOD 2
Heraldry
HERBAGE
Herbal Remedies
HERD
Heriot (Mandrial term)
HERON
HERRING
HERRY
HERT
HERTFORD
HESRING
HESTER
HETHMAN
HEWELL
HEWET(T)
HEWITT
HEXT
HEYDON
HEYMOND
HEYWARD
HICK(E)
HICKEY
HICKMAN
HICKS 1
HICKS 2
Higher Crockett
Higher Down Gate
"Higher Hampt (Higher Hammett, alias Griffiths Tenement, alias Easter Hampt)"
Higher Kelly Bray
Higher Lidwell
Higher Oldclims
Higher Pempwell
Higher Sherwell
Higher South Coombe
Higher Town
Higherland
HIGHFIELD
"""Hightrip"" Downgate"
Highways
Highway Rates
HIGMAN
HILL(S)
HILLHOUSE
HILLIARD
HILLIER
"""Hillside House"" - was Half Moon Inn - then Hillside House - now (1988    89) Half Moon Court"
HILLSON
HINE
HINGSTON
Hingston Common
Hingston Down
HIPHENS
HIPKIN
HIRST
HISCOTT
HITCHENS
HOAR(E)
HOBB(S)
HOBIS
HOCKEN
HOCKIN
HOCKING
HOCKRIDGE
HODGE(S) 1
HODGE(S) 2
HOFFMAN
HOGGE
HOGGESLYDEATE
HOGGET
HOIDGE
HOKEDAY
HOLDEN
Holdern Down
HOLDSWORTH
HOLE
HOLEWELL
HOLEWILLE
HOLLEY
HOLLOWAY
HOLLWOOD
Holly Grove Wood (see Watergate Wood)
HOLMAN - HOLEMAN
"Holmbush (photos of Holmbush Mine, Kelly Bray side, wrongly listed under Kelly Bray Mine)"
HOLMS
HOLRODE
HOLSON
Holwell
Holwood Copse
Holygesludiok (Hollygrove?)
Holy Well (Place)
HOLYWELL (name)
Home Farm
Home Guard
Honesa
Honey
Hoockecombe
HOOPER
Hopewell
HOPPER
Hop-yard
HORABIN
HORE
HOREWELL
Horladoun (?Horldown)
HORNABROOK - (HORNBROOK) (HORRBROOK) (HORNEBROKE)
HORNBY
HORNDON
HORNE
HORRELL (HORRELLE) (HORRIL)
Horse
HORSEPENNY
HORSLEY
HORWELL (HORWALL)
HOSKEN
HOSKIN(S)
HOSKING
HOTHMAN
HOUCHEN
HOUDLOW
HOUGH
House
HOUSE (name)
HOWALL
HOWARD
HOWE
HOWILL
HUCHYN
HUDDY
HUGGET
HUGHES
HULLE
HUMPHREY
HUMPHRIES
Hundred
HUNKYN
HUNN(E)
HUNT
HUNTE
HUNTER
HUPTON
HUNDEN
HURLDOWN - HOULEDON
HURTT
HUSBAND (name)
Husbandman
HUTCHINGS
HUTCHINSON
HUTTON
HYAMS
Hydro-electric
HYNDY (variation of HENDY?)
HYNE

I
ILES
Illnesses
ILLOGAN
Ill Treatment
INCH
Incubator Row
Indentures
Industry
Informants:- Addresses & Enquiries
INGE
Ingress - Entry fine paid by new tenants to conventionary land
Innkeeper
Inny (Inney) River
Inny Foot
Innyham Woods
In(n)oculation
"Inquisition, Holding an"
Insects
Interrogations
Inventories (Lists of Possesions)
IOTA (JOTA)
IREFRY (possible mis-spelling of TREFRY)
IRELAND
Ireland (Higherland?)
Iron Age
Ironing
IRONS
ISABELL (surname)
ISLETT
ISREK
IVY (IVEY)
Ivy Cottage - Luckett

J
JACKET(T)(S)
JACKMAN (JACKERMAN) (JAKMAN)
JACKSON
JACOB
JAGO
Jakes Barn
JANE (see also JAYNE)
JANES
JAQUETTES
JARVIS
JASE
JASPER (JASPAR)
JAY
JAYNE (JEYNE?)
JEANES
JEEN
JEFF(E)RY
JEFFREY
JELE
JENKIN
JENKINS
JENN
JENNER
JENNING(S)
JERICO
JEWELL
JERYE (see also JORY)
JIBS
JILES
JOANS
JOHNS 1
JOHNS 2
JOHNSON
JOHNSTON
Joiners
JOLE
JOL(L)IFFE
JOLL 1
JOLL 2
JOLLOW
JONAS
JONES 1
JONES 2
JONS (possibly JONAS or JONES?)
JOPE
Jopes (The House) (also spelt JOAPS)
JONSER
JOOL
JORDAN (JOURDON) (JORDAYNE)
JORY(E) (JOREY)
JOSE
JOULL (possible old spelling of JOLL?)
JOWL
JULE
JURY or JUREY
JUTES

K
KAVETH
KEABLE
KEAST
KEAT
KEEBLE
KEEN
Keepers Cottage
KEIG(W)IN
KEILY
Keinscombe
KEKEWICH
KELLAWAY
KELLY 1
KELLY 2
Kellybray Kellibren Kellybreu Kilbury 1
Kellybray Kellibren Kellybreu Kilbury 2
Kelly Bray Corner
Kelly Bray Farm House
Kelly Bray Mission
de KELLY BREY
KELYBREY
Kelly Hole
Kelly's Directories
KEMP
KEN
KENA
KENAND
KENDALE
KENDALL
KENDELL
KENNERD
KENSTON (KINGSTON)
KENT
KENWICK
KERNECK (KERNICK)
Kernow
KERRY
KERRY BULLOCK - see CARIBULLOCK
Kersbrook Cross
KERSING
KERSLAKE
KERSWELL
KERSWILL
KESLICK
KESSEL (KESTLE)
Ketewill - Ketweldon (Kitwell near Norton)
KEVATH
KEVITH
KEW
KEYE
KIDD
KIDMAN
KIKE
KILK
KILL
KILLYOWE
Kiln
KING
KINGDON
KINGE
Kings Arms - Bray Shop
Kingsford
Kingson & see Kingston
Kingston
KINSMAN
KIRK
KIRKETT (or KIRKELL)
KIRSCH
KIT HILL - KIT HELLE 1535 - KYTEHYLLE 1569
KITE
KITT (KIT)
KITTO(W)
KITTOWS
Kitwell Down
KNAPMAN
KNEEBONE
KNIGHT
Knightford - Knytteford
Knights
KNOCKET (alias CROCKETT)
Knocking Mill
Knokteford
KNOTT
KNOTWELL
Knowledge
KNOWLING
KNUCKLEY
KNYGH
KNYGT
KNYTH
KOCHE
Kokyngton
Konekelford
KUILL (KIVELL)
KYNGDON
KYNSMAN

L
LABON
Labourers
Lady Beam
La Hoke
LAKE
LAKES
LAMB
LAMBERT
LAMPAY
LAMPEN
LANCELLAS
Land
LAND (NAME)
Land Army (Women's)
LANDERSEK
Landmark Trust
LANDREY (LANDRAY)
LANDRY
LANDSALL
Land Tax
LANDY
Landyokes (Landiok)
LANE
La Lane (Atte Lane)
Lanescombe
LANG
Langdon
LANGEBROKE
LANGFORD
LANGMAN
LANGSFORD
Language
Lanhargy
LANHEAD
LANKESTER
Lanreth
LANSALLIS (LANSALLAS) (LANSALLOS)
LANWALLAS
LARDEN
LARK(E)
LASHBROOK
LASON
LAUBROOK
LAUNCELLS (NAME)
Launceston - Landson - Launston
Launceston Priory
LAUNDER
LAUNDR(E)Y (NAME)
Laurel Lane
LAURENCE
LAVELAN
LAVERCOME
Law
LAWES
Lawhitton
LAWLER
LAWRENCE
LAWRY
LAWTON? (HAWTON?)
LAYN
LAYTON
LEACH
LEACHER
Lead
LEAKEY
LEAN
Leases
Leather
LEATHERBY
LEE
Legal
LEIGH(E)
Leisure
LELAND
LE MARCHANT
"LEMON, (Sir Wm.)"
LENE
LETHBRIDGE
LETHEBY (LETHERBY) see also LYTHIBIE
Letter Boxes
Levels (Tunnels)
Lewis
LEYWITE
Lezant
Licence (Manorial Term)
LIFECHILD
LIGHTBODY
LIGHTFOOT
Lights
LILLEY (LILLS)
LINDER
LINDSAY
Linkinhorne
LINTERN
"""Lioness"""
Liquor
LISHMAN
Liskeard - Leskert - Leskerd
Listed Buildings
Little Coumbe Head
LITTLEJOHN
LITTLEJOHNS
Little Whiteford
LLEWELLYN
Lidwell - Lydwell
LOBB
LLOYD
LOCK
LOCKINGTON (LUCKINGTON)
Lodge ?Treovis?
London & Devon Estates
LONG
LONGFORD (?LANGFORD)
Long Houses
LONGMAN
Loose Box
LOARD
LOTTO?
LOUIS
LOVEHILLE
LOVIDGE
LOWDEN
Lower Church Park
Lower Down Gate
Lower Hampt (Nether Hampt)
Lower Lidwell
Lower Pempwell
Lower Sherwill
Lower Town
"Lowinor, Agricultural Supplies, Kelly Bray"
LUCAS
LUCE
LUCIS
LUCKHURST
LUCY (surname)
LUDEWELLE (LIDWELL?)
LUDGAR (LUDGER)
LUGGER
LUKE
LUMLEY
Lunatic
LUNON
LUVEDEWELL
LUSTON
LUVIS
LUXON
LYVEDEWELL
Lydford
LYLE
LYNE
LYTHIBIE (LYTHIBYE)

M
McCALLAN
McCANN
McCORMACK
MACDONAL
MACFARLANE
McGOWAN
Machinery
McKEY
McLEAN
McMAHON
MADDECE
MADDEVER
MADDISON
MADDOCK
MADDOX (MADDOCKS)
MADIGAN
MAGER
Magistrates
MAINE
MAISTER(E)
MAKIN
MALKEN
MALLETT
Maltsters Arms
Malster
MALONEY
Malt Mill
MALTON
Manaton
MANIEL
MANINGTON (& see MANYNGTON & MANATON)
MANLEY REV. RICHARD
MANLEY
MANN
Mannaton Mill
MANNING (MANING)
Manor of Climsland Prior
Manor of Stoke Climsland (Stowe C) 1
Manor of Stoke Climsland 2
Manor Cottage
Manor Courts
Manorial Customs
MANTON
MAN(N)YNGTON
Maps
MARCHANT
MARIET - MARYOTT - MERYOT?
MARJORY
MARKE
Market Gardening
Markets
MARKHAM
MARKS
MARLEY
MARQUAND
MARRET
Marriages
MARSH
Marsh Fritillary Butterfly
MARSHALL
MATTHEW(S) - MATHEWS
MARTIN - MARTEN
MARTIN 2
MARTINNEST (Cottages by Trehill)
MARTYN
MARZAK
MASON 1
MASON 2
Masons (Stone)
MASTER(S) 1
MASTER(S) 2
MATHEE
MATHENIST
MATTEN
MATTHERY
MAUNDER
MAUNGER
MAY
MAYHEW
MAYNARD
MAYNE
MAYSTER
MAYUR
MEADOWS
MEAGHER
"MEARFIELD (MIRIAFFELD) (MIRIFELD, MERFIELD, MERRYFIELD, MINFIELD)"
Measurements - Distances
Meat & Bacon
Mechanics
Medical Care
MEDLAND
MEDLETON
MEEKE
MELLOR
MELYOUR (MELIOUR)
Memorial Chapel
MENARD
MENHEN(N)IOT
MENIHINETT
MENTAFORD
MEONS
Merchants (see Tradesmen)
MERHAGEN
MERNYE
MERY
MERYET
MESSENGER
METHERELL - METHERALL
Methodists
METTER(S)
MEWTON
MICHELL
M(I?)CHILMAS - M(I?)CHAELMAS
Micheltorre - Mistletor
Middle Hampt
Midwife
MIDWYNTER - MIDWINTER
Mile Stones
Milk
Mill (Building)
MILL (Name) 1
MILL (Name) 2
Miller (trade)
MILLET(T)
MILLIGAN
MILLS (Name)
Millstones
MILLWRIGHT
MILMAN - MILLMAN
MILSANNCE
Mine Buildings
Minerals
Miners
MINERS (Name)
Mines
MINHINNET(T)
Mining Agent
Mining Technology
Ministers Accounts
MINNER
MINNIKUTT
MINTING
Mirifield
MISLANT
Mission Church
Mistletor
MITCHELL 1
MITCHELL 2
MITCHELMORE
MITTERS
MOFFETT
MOGG
MOHUN
Moiety (Manorial Term)
MOKEWORTHI?(Y) (alias MUGFORD)
Mollet Down
Mollow Down
Molotedonne
MONDER
MONDES
MONK(E) - MONNK(E)
Monks Cross (Monks Corner)
MONTAGUE
MONTGOMERY
MOON
MOORE
MOORES
"""Moorstone"" - Cornish name for granite"
MORCOM(BE)
MORECOMBE
MORCOM
MORGAN
MORICE
MORK
MORLEY
MORRISH
MORRISSEY
MORSHED
Mortgages
MORTIMER
MORTON
MOSS
Motorbikes
MOULSTERS - MOLSTERS - MOULSTON alias MOUSTERS
MOUNDE
MOUNELEY
Mount Batten
Mowhay (pronounced mowey) - small field near house for stacking and drying hay
MOWLING
MOYLE
MOYSE
MUDGE
MUGBERRY
MUGFORD - MOGBURY
MUGRIDGE
MULES
MULTON
Munitions Dumps
MUNLY
MUNRO
Murder
MURLY
MURPHY
MURRAY
MURRIN
Music
MURRIN - MURREN
Muster (Rolls)
MUTLEY
MUTTEN - MUTTON
MYATT
MYELL
MYNARD

N
NAIRNE
Names - (see Family Names)
NANCARROW
NANCECOWAN-DAWE
NANCEKIVELL - NANKIVELL
NANSCANNEN
NANSEMETIN
NAPIER
NASH
NASNE
National Service
Native (Manorial Term)
Nativus de Stipite
NATTLE
Natural History
Navy
NEAL
NEALE
NELSON
NETHERTON
Newbridge
New Great Consuls
NEWBURY
NEWCOMB(E) - NEWCOOMBE(E)
NEWCOM(B)E
NEWHAM
New House between North Down & Beals
New Inn
New Knowledge - making first appearance at Trenant at an Assession Court
NEWMAN
New Mill(s)
Newspapers
NEWTON
Newton Ferrars
NICHOL
NICHOLAS
NICHOLL
NICHOLLS (see also NICHOLS)
NICHOLS (see also NICHOLLS)
NICHOLSON
NICKISSON
NOBLE
NOISIE
NOITH
NOOA
"NORDEN, JOHN"
NORMAN
NORRIS
NOR(R)ISH
North Alston (see also Alston)
NORTHAM
NORTHAVE
NORTH
NORTHCOTE
NORTHCOTT
North Down (Northdon') see also Bynethedon
NORTHEY
North Petherwin
Norton (see also South Norton)
NOSWORTHY
NOTT
NOTTLE(S)
NOTYNG (NOTTYNGE)
NOUIH
Nurse
NUTON
NYELL

O
Oakhampton
OAKS - name
OATES
OATS
O'CONNOR
ODGERS
O'DOWD
O'DWYER
Oil Lamps
OIYH (mis-spelling for Pugh?)
Old Clims
OKE
Oldeyatte (place)
Old Clyves
Old Mill
OLDS
Old Tailor Shop
O'LEARY
Old Turn (Town) Pike Gate
OLIVER
OLVER
Onese
Opel
Operation
ORCHARD
Order of Removal
ORDGAR
Ore
Organ
OSBOURNE
OSTROWSKA
Overhead Ropeway
Overseers of the Poor
OWENS
Oves (Including Mill) (see also Treoves)
Oxbury Down (see also Oxebrydonne)
Oxebrydonne (see also Oxbury Down)
OXENHAM
OXENHAN

P
PACON
PAIN
PAINTER
PALMER 1
PALMER 2
PANNAGE
PAPSON
PAR(D)EN
PARFETT
PARISH (name)
Parish
PARKER Mrs (Local Character) & Dixie & Others
Parkhill House
PARKIN
PARKINSON
Parliament
PARMENTER (PARMINGTER)
PARMWELL
PARNELL
Park
PARRONS
PARRY-DAVIES
PARSON
Parsonage
PARSONE
PARS(S)ONGER
PARSONS 1 (PARRSONS?)
PARSONS 2
PARSONS 3
PARTRIDGE
PASCOE (PASCHO)
PASSENGER (see also PARSSONGER?)
PASSMORE
Pasture
PATE(Y)
PATHEYJOHNS
PATTLE
PAUL(L)
PAULEN
PAULL
Paupers
PAWLEY
PAYN(E)
PAYNTER
PEACOCK
PEAICE
"PEAKE, PEAK"
PEALY (possible old spelling of PELLOW)
"PEARCE, PEARSE 1"
"PEARCE, PEARSE 2"
"PEARCE, PEARSE 3"
"PEARCY, PEARSY"
"PEARDEN, PEARDON"
PEARN (PERNE)(PEARNE) 1
PEARN (PERNE)(PEARNE) 2
PEARSON
PEARSY (PEIRCY)
PEDRICK
PEGAT
PEIRCE
PEIRCY (Possible mis-spelling of PIERCY (q.v.)?)
PELLAM
PELLOW 1
PELLOW 2
PELLOW 3
PELLOW 4
PEMBRACE
Pempwell 
PELLAR (PELLOW? PELLEW?)
PELLEN (R?)
PELLEW
PELLOCK
PELY(PELLOW?)
Pelynt
PELLOWMOUNTAN
PENALUNA
Pendragon House
PENFOUND
PENGELLY
PENGLAZE
PENHALE
PENHORWOOD
PENNINGTON (PENITON)
PENLY (PENLEGH) (PENDLEY)
PENNY (PENNEY) (PENY) 1
PENNY (PENNEY) (PENY) 2
PENNY (PENNEY) (PENY) 3
PEMPELL
Pen Pill - Penpyl
Pempill (?Penpill?)
PENPOL
PENPRASE
PENROSE
PENRY
PENTA - PEYNTA
PENTERFIELD
"""Penthouse"""
Pentillie Castle
PENWELL
PENWARNE
PEPIR (PIPER?)
PERC(E)Y 1
PERCY 2
PERDON
PERKIN(S)
PERNELL
PERRO
PERRY 1
PERRY 2
PERSON
PETER
PETERFIELD
PETERS 1
PETERS 2
PETHERICK (PEATHRICK)
PETHIC(K) 1
PETHICK   2
PETHYBRIDGE
PETTERS
PEULE (possible old spelling of POOLE?)
PHILADELPHIA
PHILIP?
PHILIPS
PHILLIP
PHILLIPS
Phillips House - Now New Mills
PHILLP (possibly PHILLIP or PHILP?)
PHILP 1
PHILP 2
PHILP 3
PHILP 4
Phoenix Pleasure Ground
PHYSICK(E)
PICKARD
PIERCE
PIERCY (see also PEIRCY)
Piggeries
Pigs
PIKE (PYKE)
PILE
PILLAR
PILLON
PILLOW - see PELLOW
PINE
PINHEY
"PIPER, PYPER"
Pitt (farm)
"PITTMAN, Susan B.A."
PITTS
Pitts Barn
Places
Plague
PLANK
Planning Permission
Plans
Plants
Pleasure Grounds
PLEGHA - PLEYA
PLINT
PLOMER
Plumber
PLUMMER
Plymouth
Plymouth Bretheren
Plymouth Brewery
Plymouth Co-op Society
POAD
POAT (see POTE)
POCOCK
POETS (surname)
POHLGREEN - POULGREEN - POLGRAIN
POLE
POLGLAZE
"Polhilsa (Polhels, Polehille)"
Policemen
POLKINGHORN
POLLARD
POLLEXFEN
POLLOK - PULLOK
Poll Tax
POLSA
POLSUE
POLYGRAIN
POMA? POLA?
POMERY
POM(E)ROY
PONTA
POOL
POOLE (see also PEULE)
POOLEY
Poor Laws & Poor Rate (see Tax)
Poor Lodging
Poor Warden
POPE
POPPLESTONE
Population
PORTER
PORTREDA
Post Office
Potatoes
POTE (POAT)
POUCH
Poultry
POTTER
POUND
Poundfield
POUR
POUSLAND (see also POWSLAND)
Poverty
POWELL
POWER
POWNAL
POWSLA(N?)D? see also POUSLAND - POWSLING)
PRAUSE
PRENTICE
PREST
PRICE
PRIDEAUX(Z)
PRIDHAM
PRIMA
PRIOR
Prior of Launceston
PRISE
Prisoners of War
PRITCH
Privy
PROCTOR - PROCTER
Protection Racket
PROUSE
PROUT(E) (PROWTE?)
PROUTA
PROWER
PROWSE
PRUTE
PRYNN
PRYOR
Pubs
PUCKEY
PUGH
Pump (Submersible) etc.
Punishment
Puritans
PURSELL
Purser
PUTT(E) (PIT)
PYGET'
PYKE (see under PIKE)
PYPARD
PYTMAN
PYTTE
PYUTA

Q
Quakers
Quarry
QUERE
QUILGARNE
QUILLER
QUINT

R
Rabbits
RABLEY
RADCLIFFE
RADDALL (RADDLE)
RADLEY
Railway Cottage
Railways
RANDALL
RANDLE
RANDULPH
Railway Inn - Kelly Bray
RAPSON 1 (RAPSIN - 1747)
RAPSON 2
RASHLEIGH
Rates (& Taxes)
Rationing
RATTENBURY
RAUNDLE
RAW(E) (possibly RAWLE or ROWE?)
RAWLE
RAWLING(S)
RAYNAN
RAYNER
READ
Records
Rectors
Rectory
REDDALL
REDDECLIFFE (also spelt REDCLIFFE)
REDE(LE)
Redeemed Land Tax
REDGATE
REDGRAVE - O'DOWD
Red Moor (Redmor) (Mine)
REDMORE
REDWOOD
REED
REEP
REEVE
REGRATER
Religion
RENDALL
RENDLE (see also RENDELL)
RENDELL (see also RONDEL)
RENDELL 2
RENDELL 3
RENFRY (RENFERRY)
Rental
Rents of Assise
REPEELL
REPSON
REREDOS
Restormel (Lostwithiel)
RETALLICK (RETALLACK)
REVELL
Revenues
REWEDOUNE
REWS(E)
REYNALD (REYNAND)
REYNAUD
REYNOLDS
RICE
RICH
RICHARD - RYCHARD
RICHARDS 
RICHARDSON
RICKARD
RIDGEMAN
Rilla Mill
Rillaton
RILT
"""Ring o' Bells"" (Beer House)"
Rivers
RIVETT
Road
Road Making
ROBEENS
ROBERTS
ROBERTSON
ROBINS
Robinsland - Rubandesland (1356)
ROBYN
ROCHE
ROCHEFORT - INGHAM (& KING)
ROCKEY
RODD
RODE
ROGER(S) (RODGERS)
ROGGER
ROLLE(S)
ROLLS
ROMANS
RONDEL (RANDELL?) (RUNDLE?)
RONDENNE
ROOKE
ROOSE
Root House
Rose Cottage
ROSEKILLY (ROSEKELLY)
ROSEMERGY (ROSEMARGY)
ROSEWALL
ROSS
Rotherenford (on the stream from Southcoumbe to Luckett?)
ROTHERY
Roughdown (Ronden)
Roundhouse
ROUSE
ROW
ROWDEN
Rowden Common (Rough Down) (see also Rewedoune)
ROWLAND
ROWLES
ROWLIANG (ROWLING)
ROWNTREE
ROWSE 1
ROWSE 2
Royalty
RULE
RUMNEY
RUNDELL
RUNDLE 1
RUNDLE 2
RUNDLE 3
RUNDLE 4
RUNEL (RUNDLE?)
RUSE
RUSH
RUSHDEN
Rushes
RUSSEL (RUSSELL)
RUYGHT (possible old spelling of WRIGHT?)
RYALL 1
RYALL 2
RYALL 3
RYALL 4
RYBACK
RYCHARD
RYDER
RYLEY

S
Saddlery & Saddlers
Safety
SAGE
ST. CLAIRE-COOK
St Dominic
St Germans
St John
St Laurence
St Mallet's Chapel
St Mellion
St Neots
St Stephen at Launceston (next)
"""St Stephens"" by Saltash"
Sale of work
Sales - property
SALMON
Saltash
SALTER
SALTRON
SAMALE
SAMPSON
SAMBELL(S) (SAMBLES) (SAMBLER)
SAMSON
SAMUEL
Sand Lane
SANDERCOCK
SANDER(S)
SANDOVER
SANDRY
SARGANT
SARGEANT 
SARGENT
SAUNDERS
SAVAGE
SAWILL (SAWLE)
Sawmill
SAWTON
SAXFEN
SCADDIEL
SCANTLEBURY - SCANTELBURY
SCANTBURY -?SCANTLEBURY
SCAWEN
SCAWN
SCHAFFER
Schirewcombe
SCHLE? SCLEE?
SCHORT(E)
SCOBINS
SCOBLE
SCOFF
SCONCE
SCORIA
SCOTNEY
SCOTT(E)
SCOWN (SCAWN)
Seamen
Searchlight
SEARLE 1
SEARLE 2
SEARLE 3
SEAVEY
SECCOMBE (SECOMBE)
SEDGWICK
SEGAIN
SEILE
SELLEY
S.E. Mineral Syndicate
SERCOMBE
SERCOMBER
SERGEANT
SERGENT
SERJEANT
SERLE
SERPELL
SERPWELL (SERPELL?)
Servants
Services (Manorial Term)
Seven Stones
Sex Education
SEXTON (or SAXON)
SEXTON
SEYANT
SEYMOUR
SHADBOLT
SHARE (possible mis-spelling of SHEER - q.v.)
SHARES
SHARPE
Sharplands
Shaw Cross
SHAZELL
SHEARE (SHEERE)
SHEARS
"""Sheea"""
Shebbear
SHEEN
Sheep
Sheepdog (Trials & Training)
Sheepshanks
SHEER (see also SHARE & SHEIRE)
SHEERS (also SHEARE & SHIERS)
SHEIRE (possible mis-spelling of SHEER - q.v.)
SHERI(M)
Sheriffs of Cornwall
SHERRELL
SHERRIL (SHERWELL?)
Sherwell (see also Schirewcombe)
SHERWILL (SHERWELL)
Shifts
Shoe Maker
Shopping
Shops
SHORT(E)(S)
SHOVEL(L)
SHRUBB
SHUG(G)E
SHORTE
Shutta (Sutta)
SIBLEY
Sidesmen
SIMMONDS
SIMMONS
SIMONS
SINCLAIR
SINTERN
SKEET
SKELTON
SKENNY
SKEWES
SKINN (SKIN)
SKINNARD
SKINNER - SKYNNER
SKIRRET
Slate
SLATTEN
Slaughtering
Slavery
SLEE
SLEEMAN
SLEEP (occasionally SLEAP)
SLEMAN (SLEYMAN)
SLOCOMBE
SLOGGETT
SLYE (SLIE)
SMALE
SMEETH
SMERADGE
SMALLACOMBE
Smallacombe - by Anyhamdown (place)
SMETHERTON
SMITH
SMURTHWAITE
SMYTH(E)
SNELL
SNOOK
SNOWDEN
SOAPER
SOBEY
SOMER
SOPER
LeSOURNOR
South Alston
South Coombe
South Coombshead
Southill
Southern Region (Rail)
SOUTHEY
Southmoor
South Norton (see also Norton)
South Petherwin
South Sydenham
SOUTHWARD
Southwarr(k?) (George Street?)
SOUTHWOOD
SOWDEN
SOWDEY
Spanish Armada
SPARFS - see SPARGO
SPARGS (SPARKS)
SPARGO
SPAYS
SPEAR 1
SPEAR 2
SPEARMAN
SPEARSE
SPEED
SPENCER
SPETTIGUE (SPETEGUE) (SPETTIGO)
SPEY
SPIAN
Spinning Industry
SPORE
Sports
Sportsman's Arms
SPRAGUE
Spring Cottage (at Tutwell)
SPRY
SPURGSON
Sputtering - (Digging over ground)
SQUANCE
SQUARE(S) (possible mis-spelling of SQUIRES q.v.?)
SQUIRE
SQUIRES
SREWS
STACEY
STACK
STADDEN (STADDON)
STALLARD
STAMP
Stamps (mining)
STANBURY
STANDLAKE
STANLAKE
STANLEY
STANLICK (see also STENLAKE)
Stannery
STANTON
State Papers
Stationary Engines
STATTEN (STATTON)
STEDDIFORD (STETTAFORD) (possible mis-spelling of STENTAFORD q.v.)
STEED
STEEN
STENLAKE
STENNET
STENSBURY
STENTAFORD
STENTON
STEPHEN
STEPHENS 1
STEPHENS 2
STEPHENY
STEPHEY
STEVENS 
STEWART
STIDWELL
STIFF
Stile
Stille
STILLINGFLEET
STOCKMAN
STODDAN
Stoke
STODDEN
Stoke Climsland (Clymesland) 1
Stoke Climsland 2
Stoke Climsland 3
Stoke Climsland 4
Stoke Fair
STOKES
STONE
STONEMAN
Stones
STORIA
STORYE
STOUR
STRATTON
Stream
STREEK
STREET
STREPPE
STRIBLEY
STRICK
STRIKE
STRIKE(R)
STRING
STRIPLEY
STRIPLING
STRONTE
STROUP (STROUD)
STROWTE - STROUT
STUKE
STUMBLES
Sturts Wood
Subpoena
SUELL
SUGDEN
Suicide
SULLY
SUMMERS
SUMPSTER
SUN (surname)
Sunday School
"""Sunnyside"" - Luckett"
Superstitions
SURGEN
Surgeon
SURMAN
Surrender
Surveyor
Surveys
SUTTON
SWAILES
SWEET
SWENGE
SWYNGA (SWYNGE)
Sydenham
SYKES
SYMMS
SYMOND
SYMONDS

T
TABB
Tailorshop (& see also Taylor Shop & Old Tailorshop)
TALBOT
TALL
Tamar River
TAMBLING
TAME
TAMZEN
TANCOCK
Tannery & Tanning & Tanners
TAPPENDEN
TAPREL or TAPNEL
TAPSON
Tares
Tatterdown (Farm)
TAVENER
Tavistock
Tavistock Abbey
"Tavistock, Abbot of"
Tavistock Foundry
TAWTON
"Tax (see Poor Rate, Land Tax, Poll Tax)"
TAYLOR
Taylors Shop
Teachers
TEAGUE
Telephone Boxes
TELLUM
Temple
"Tenement (an abode, a house, a block of buildings divided into separate houses)"
Tenants - Free & Conventionary
Tenure
TEPYTTE
THALLEY
Thatching
THOM
THOMAS
THOMPSON
THOMSON
THONIN
THORNCOME
THORNE
THORPE
THRUSH
THYNNE
TICK
TIDBALL
TIDWELL
TILLIE (TILLEY)
TIMEWELLS
Timber
TIMMS
TIMOTHY
Tin
TINK
Tinners
TIPPER
TITHINGMAN
Title
TOAT
TODD
Todewill (Todewyll) (Tutwell)
TOGGEHULL (at Holewell)
TOKER - TOOKER
Toller Down (Farm between Polhilsa & Coombes Head?)
TOM
Toll Dishes - Toll Tin (Wts & measures)
TONKIN
TONRON
Took Mill Wood
TOOL
TOOLEY
Tor
Torr
TORRY
TOSER(E)
Tottendown (Totterdown)
Totwell (Name? - not Tutwell)
TOUKER (possible old spelling of TUCKER?)
TOWNER
TOWNSEND
TOWTON
Toys
TOZER
Tractors
Trades
Tradesmen
Train - see Kelly Bray
TRAISTOWN
Transport
TRATHEN
Travellers
Travelling Sales
TRAVIS
TRAWS - TRAWES (also see TROWS)
TREA(I)S
TREASE
Trebullet
Treburthes (Luckett)
"Trecarrell (Esse,"
Trecombe - Trecoombe - Tregcombe (see also Trucomb)
TREDINNICK
TRECOMBE
TREDWENNE
Trees
TREFRY (see also TREPY - DEFRY - TREVRY)
TREGANCE
TREGANY
TREGLAYEN
TREGONING
Tregunnis
Trehale
TREHANE (TREHENE)
TREHAWK
TREHAYS
Trehill (see also Martinnest)
"Trehinxta - Trerinston, Treshington, Ringston"
TREIS(E)
TREKAILE
Trekenner Bridge
Trelane (& Farm)
TRELAWNEY
Trelane (see also ?Tulane)
Treleigh see also Turlea
TRELOAR
TREMLETT
Trematon
Tremollet Common
TRENATHAM (GNATHAM)
TRENCILL
TRENORTH
TRENOWTH - TRENEWTH
TRENYNYEL
TRENWYTH
"Treovis - Treovies, Trovis"
TREPY
TRESALLAKE (TRESSALICK?)
TRESALLAN
TRESALLICK
TRESINGTON (TREHINGSTA?)
Tressalick (Tressalack) Farm
TRESOUR
Trespass
TRETHEWEN
TRETHEWEY - TRETHEWAY
TREVANJON - TREVANION
TREVARDON
TREVARTON - TREVORTON
TREVARTHEN
TREVETHEN
TREVILLIAN
TREVILLION
TREVISTOWN (?TREOVIS)
TREVITHICK 
TREVOSE
TREVRY (variation of TREFRY?)
TREW
TREWARTON (?)
TREWBODY
TREWEEK
TREWEN
TREWETHAN
Trewethicke (in St Stephens next Launceston)
TREWIN
Trewinnow Plantation
TREWORGY - TREWORGIE
TREYS (also TREYES or TRAYES)
TRICK
TRIGGER
TRIPLETT
TRIPP
TRISTRAM
TROVES - TROWS (could be TRAWS? TROSE? - see TREOVIS
TROWBRIDGE
Trows (Cottage) (Traws)
TROYES - see TREOVIS
TRUCOMB (TRECOMBE?)
TRUMP
TRUREN
TRUSCOTT
TUCK
TUCKETT
TUCKER (TUKKER) (see also TOUKER)
Tuckford Farm ?between Polhilsa & Coombeshead
TUDWELL (TUTWELL)
TULANE (TRELANE?)
TULLY
Tuneollowdown - Stoke
Tungsten
Tunnels - see Levels
Tunpale - barrel that cider was left to ferment in
Turbines
Turle - Turlea - Turley (see also Treleigh)
TURNER
TURNOUR (TOURNOR) (TORNOR)
Turnpike Rd.
Turnpike House - Beals Mill area?
Turn Pike Act
Tutwell (See also Tudwell Todenwill Tidwell)
TUZE
TYACK
Tythes

U
UGLOW
ULILONDE
Uncanny Experiences
UNCLES
UNDERHILL
Under Ponds (at bottom of Stoke Hill)
Undertaker
UNDERWOOD
Upcott
Uniform
Updown
UPPADOUNE
UPPERHILL

V
Vailima
VASS
VAUDEN
VAUTORT alias VALLETORT
VEAL(E) - VEALL
Vegetables
VELE
VENNER
VENNING
VENNOR
Venterdon
VERRAN
Vernacular Architecture
"Vesey's Valor Ecclesiasticus, 1536"
Vestry
Vetinarians
VIAL
Vicar
VICKERY
VIGG
Village Hall
Villages
VINCE
VINCENT
VINE
VINEER
VINING
VINSON
VIVEN
VIVIAN - VIVIEN
VOISEY
VORN(E) - VOREN
VOSPER
VOYZEY
VULLIAMY
VYGUS
VYTLERYE

W
WAD(D)LING
Wadercole (place)
WADGE
WADLAND
Wadland's Corn Merchants
Wages
Wagons
WAIREN
WAKEARN
WAKEFIELD
WAKEHAM
WAKEM
WAKHAM
WALDREN
WALE
"WALES, PRINCE OF"
WALICE
WALKEM (possibly WALKER or WALKEY?)
WALKER
WALKEY
WALKHAM
WALL
WALLACE
WALLIS
WALTER(S)
WALSH(E) (WALSSH)
WALYS
WALYSCHE
WANTE
War
Warbstow
WARD
WARDEN
WARDLOW-RAMSAY
WARE
Wakeham Woods
Warhamet (in Stoke Climsland)
War Memorial
WARMINGTON
WARN
WARNE
WARNER
WARNICK
WARREN
WARRING
Wartime
WARWICK
Washing Day
Waste Land
WATE
Water
Water Authority
WATERER
Watergate Wood
WATERS
Water Wheel
WATKINS
WATNEY
WATSON
WATTLE
WATTS
Way (to go)
Way Warden
WEALS
WAY(E)
Wealth
WEARING 1
WEARING 2
WEARING 3
WEARING 4
WEARY
WEAVEL
Weaving
WEBB(E)
WEBBER
Webes Land (possible mis-spelling of West Land?)
WEBSTER
Weddings
WEEDALL
WEEKS
WEEKES
Weir
WEIVELL
WELCH
WELL(E)
WELLINGTON
WELLS
"Welltown (Willtown, Willy - see also Wille)"
WELSH
WELYN
WENMOUTH
WENN
WERRAN
WERREN
WERRIN(G)
WERRY
WERYING
WEST
West Coombeshead - see Coombeshead
WESTCOTT
West Gate
WESTLAKE
Westland (Tithing)
WETHERDEN
WEVELL
Wevildown
WEVILL
WEYTHER
WHALES
WHARTON
WHEAL(S)
Wheal Arthur
Wheal Bessy
Wheal Sheba
WHEAR
Wheat
WHEATL(EY)
WHEATON
WHEELER
Wheelwright
WHERLY - WHETHERLEY
"WHETTER, James"
WHEYER
WHIDDON
WHIFFING
WHILLEY (WHITLEY)
WHITE
WHITFIELD
WHITSON
WHITTAKER
WHITTING
WHITTON
Whortleberries
WIAR
WICKETT
WICKS (possible mis-spelling of WEEKS)
WICKS
WIDDICOMBE
Widow's
WIER
WILBER
WILKINS
WILKEY
WILLCOCK(S) WILCOCKS
WILLE
WILLIAM
WILLIAMS 1
WILLIAMS 2
WILLIAMS 3
WILLIAMY
WILLIS
WILLOUGHBY - of Callington
WILLOW
WILLS 1
WILLS 2
Wills & Testaments
WILLSON
WILMOTT
WILSON
WILTON
WIMBUSH
WINDEATT
Windmill
Windsor
Winsor (Lower Kelly Bray)
Wing
WINKFIELD
WINN
Winslade
Winsor Arms (or Inn)
Winsor Lane
WISE
Witheweye
WIVELL
WOLDUDGE
Wolfram
Wolston
Women's Institute
WONNACOTT - WINNACOTT
WOOD
WOODA
WOODE
Wooda Bridge
Wooda Cottage
Woodbine Cottage
Woodman's Cottage
WOODRIDGE (possible mis-spelling for WOOLRIDGE)
WOODROW
Woods
Wood Store
Wool
WOOLCOCK
WOOLDRIDGE
WOOLFORD
Wool Industry
WOOLRIDGE
WORDEN
Work House
WORTH
WRATH (WRAUTH)
WRAY
WREN
WRIGHT (see also RUYGHT)
WRIGHTSON
WROTH(E)
WULFF
WYATT
WYCHERLEY
WYCISK
WYLL
Wynedonn
WYNNE

X

Y
YARNDELL
YELLAND
YELLEW
YERKE
YOLDEN
YONGE (YONGA)
YORLE
YOULTON
YOUNG
YOUNGA
Young Men's Guild

Z
Zinc Bath